<?xml version="1.0" encoding="UTF-8"?>
<project-private xmlns="http://www.netbeans.org/ns/project-private/1">
    <editor-bookmarks xmlns="http://www.netbeans.org/ns/editor-bookmarks/2" lastBookmarkId="0"/>
    <open-files xmlns="http://www.netbeans.org/ns/projectui-open-files/2">
        <group>
            <file>file:/C:/Users/Admin/Documents/NetBeansProjects/Lab11_02/src/lab11_02/Lab11_02.java</file>
            <file>file:/C:/Users/Admin/Documents/NetBeansProjects/Lab11_02/src/hibernate.cfg.xml</file>
            <file>file:/C:/Users/Admin/Documents/NetBeansProjects/Lab11_02/src/mypack/OrderData.java</file>
            <file>file:/C:/Users/Admin/Documents/NetBeansProjects/Lab11_02/src/mypack/Customer.java</file>
        </group>
    </open-files>
</project-private>
